id,week,demand_uncertainty,algorithmic_control,shift_variability,worker_autonomy,schedule_notice_hours,income_volatility,turnover_risk,algoshift_index
1,27,0.24353161975576443,0.7923509317163364,0.3636913511717725,0.34704569169664556,2.1628124560415145,0.5717157274078479,0.3249338813283165,0.5604798448059134
2,45,0.27000067102187497,0.8806505270819944,0.5030637986442288,0.40996786061256424,41.451361330784565,0.450782516849087,0.47593665778463706,0.5387448078950084
3,31,0.8498989571901497,0.6266600894905989,0.5988534347225091,0.503123232808914,50.29530591354115,0.5877960342759322,0.3846587829489467,0.5941908277719317
4,43,0.5047230169144705,0.4656958069393606,0.38868081119904,0.6225684063760687,15.870622157163186,0.5830790084865686,0.46098724335082913,0.5051692478653934
5,1,0.5866307394191314,0.8870841806043859,0.5867891846004442,0.2711587876886755,26.244450379229885,0.49665594523993234,0.4926541781525731,0.6585333737833416
6,42,0.6378319717914348,0.7876361381265728,0.5284487831414219,0.6817689738110464,41.01167977413097,0.7135570558746377,0.3778836323591147,0.582656659105301
7,22,0.5779909187780724,0.5303709581368202,0.6043735844015695,0.5612675011003165,2.0,0.45732994806778693,0.48994232432264223,0.5856226817816075
8,48,0.8066402268674031,0.5995903275688528,0.6909395168801776,0.11746087155164579,45.71970568983476,0.6182162556644029,0.5853156027950832,0.6704502241383342
9,46,0.5563499581384591,0.7265356306948251,0.6239503019625826,0.6295963585411724,28.08604488734842,0.6265512337090504,0.42749551933039137,0.5922464423992708
10,41,0.5859991168017348,0.8223383279284848,0.5867577925562076,0.5810968490675975,47.35327810420502,0.5472568239141462,0.48185812000510475,0.5816395376226904
11,32,0.2718876920242532,0.5841230175143308,0.42230370964810193,0.5199685173150942,33.55012375373927,0.5292711262500847,0.34257652914741005,0.46271035685928813
12,15,0.6961542814188214,0.7888224282044599,0.6204924832527576,0.4210685277670188,26.086365856887774,0.6863697263876916,0.4571625200408648,0.6668374662418214
13,31,0.47705740941722385,0.651634185618913,0.4733784427712682,0.47599350013943115,26.34000860861628,0.3322838455693278,0.3002390349016066,0.5114640700990757
14,45,0.6939540379750379,0.812511046076813,0.40801287652330237,0.6396280179102827,30.537603555520267,0.6089035498657612,0.3502719028183704,0.5821441095816928
15,47,0.5956335044073549,0.7252653819414953,0.5637982399495172,0.3729836170791743,43.33542442487189,0.5461810242685265,0.47847853403647805,0.5904611923568982
16,40,0.39957889673778907,0.7621942761229371,0.34804969358580706,0.0945158056710553,34.61494899671602,0.42186365922348784,0.34432767005407994,0.5446426094589536
17,3,0.7381821470545042,0.600586444122509,0.6889010255380141,0.6467796455153957,29.85262330904601,0.6205458230583784,0.46919426030959077,0.6093660260620588
18,22,0.6562950178037978,0.5389221821360346,0.48333386317628313,0.0887945430532036,65.44034322116498,0.5525885646076885,0.4736872577057912,0.5507726191349673
19,2,0.5098374455325169,0.40280897122370735,0.45931210854231946,0.21954030880828293,36.040791354271704,0.44960549871794375,0.40658042252975896,0.5037948399786134
20,24,0.36462213726599246,0.6280196408135236,0.4643893708321562,0.33186251890152696,61.369758874986985,0.3743976058883381,0.4169940082557386,0.4637346407640701
21,34,0.49505326121563575,0.8524140669525286,0.6489896654038572,0.3150817597497962,43.434630058833626,0.44095041685337694,0.3299158451946078,0.5954068323534915
22,49,0.3730415249079662,0.858300330760554,0.44417689547103806,0.48827861299543207,2.0,0.4501302397910203,0.29317951255348396,0.5776359380400808
23,18,0.6288515129694682,0.5925564975770049,0.4819444960354659,0.7319553139243928,37.12599015074658,0.4631831091104486,0.31163617970408375,0.49814773457075134
24,13,0.24097734624745154,0.654379032374598,0.31151415735114185,0.7154330936519563,34.85556891939096,0.34762956300269665,0.1825659650548443,0.39123282442825535
25,20,1.0,0.5814656580410521,0.6913923847868313,0.3966051316631329,15.525985256332248,0.7372223421928938,0.5633257083367149,0.7262808889307948
26,21,0.7173131141355142,0.6300122993141628,0.4913117211497351,0.37802109943941337,2.0,0.49490768270437774,0.4196015661113909,0.6311494454948844
27,9,0.30786640181174074,0.8103672143700152,0.5345377124973022,0.8489236480178478,25.99788385363991,0.48865806335945694,0.36700949316345594,0.5036359591213595
28,12,0.6833945533624493,0.733893293874026,0.5928174148804269,0.15881760013045917,64.42964164494359,0.5237003378116951,0.45893730504528485,0.6028270188877949
29,9,0.550759940939881,0.41819345595345825,0.44887451602031553,0.44449142804350583,58.884361717336944,0.48810528119060137,0.3569132392082335,0.45155357115419203
30,17,0.3567316056886486,0.8568372133322619,0.3527369754238262,0.6178379187223382,23.47003686011842,0.38971935416285824,0.29217635001630043,0.5026856326306508
31,16,0.5471664654534268,0.5251835368055777,0.4687285210255354,0.2210825864247708,58.62916371578596,0.4494687435270552,0.4363284715214443,0.5047893258668819
32,29,0.5062881991962063,0.6903052882777385,0.463313000152456,0.41597484193016043,4.096091097379613,0.5084615312179206,0.4503029842630445,0.5965501095505524
33,31,0.23823549504271124,0.7573174180426339,0.3873769597623107,0.11992148304562515,70.71287532262859,0.29580276008508777,0.37154055921892987,0.4512542019322172
34,4,0.4625192051775806,0.6523398684257359,0.4964813969718779,0.153790881158312,54.324937258528564,0.48382056564093145,0.39086709427386973,0.5350325378641213
35,50,0.6716498222928234,0.8007680261063719,0.5812058340107872,0.19312189370868907,63.857958132243986,0.36477775047152894,0.48491377829306925,0.591751065554762
36,36,0.6132775324967487,0.4528318282863613,0.3687817111633319,0.5648707660915231,27.590686225501837,0.5413670953941341,0.41977546045975594,0.4994968823154419
37,22,0.5045999494646812,0.8504154720394695,0.5771943845686425,0.4137006216585318,50.5540768845332,0.5647204865985049,0.34550217988589976,0.5773282354937657
38,21,0.48210881561914054,0.4387258033905171,0.398503592344294,0.1086566575799952,19.560902344629753,0.4737782704809119,0.4353287532141557,0.5384069064712553
39,30,0.6641013928896816,0.46660105171071004,0.5121302504943195,0.14865628445967943,58.95417439224479,0.5324017293483619,0.5176933440579832,0.546595475767342
40,20,0.2804510576542931,0.5964350815531394,0.3527160768082234,0.5284571403750727,13.121955687496694,0.5193537155632292,0.3609062506606477,0.48426050460784514
41,16,0.7330769382705258,0.5005429403938012,0.37685270430469536,0.286697715066563,21.769678268121574,0.506899232221712,0.33589733141993183,0.5633707283206585
42,46,0.5995026110933277,0.7634446899252341,0.5933710453444786,0.3809455387288825,23.097195402268767,0.5617678023134186,0.5642309314228158,0.642419712415406
43,43,0.25610560503972357,0.7426731049620968,0.3207872700425523,0.18477125297103014,43.48727114013029,0.257893624093472,0.33183496777251154,0.46511620081235117
44,48,0.8616951063170845,0.645276803098105,0.7271288493061707,0.14598846842765198,9.697186021523377,0.8549874462956834,0.6164372298734994,0.7778278666481444
45,5,0.6494931780420534,0.4985345401016984,0.47036537184671173,0.5993358462752197,16.222977688849603,0.5758470564648411,0.3661555935880414,0.5463008819614593
46,8,0.6295157332430762,0.6911250709157717,0.4247005982898171,0.2377539965691271,46.16721158152177,0.5435194474817306,0.38689038614260535,0.5690039182476769
47,46,0.38644357203353447,0.5540865460640696,0.33883714695173195,0.6749424954153154,62.07796813876901,0.3303262532097539,0.21137207195370153,0.36630028168941886
48,36,0.8023232711249624,0.8788573813193459,0.5827139095438484,0.5395067101493879,24.473883466667864,0.5742055179617183,0.4590193458586263,0.6720633067624671
49,14,0.7519390842557622,0.5359212105306882,0.5108395813174347,0.6416959565320072,47.565004314254296,0.492415708652066,0.2493262666486098,0.507785281225486
50,5,0.5397075114991589,0.377125737521144,0.38083328421582385,0.2556111833116013,65.4371043932317,0.5272014429266478,0.43619074109729894,0.4529181876461464
51,13,0.8006422088218512,0.762713517223593,0.765673958404114,0.5123011930836636,35.08005894138912,0.6828389389430528,0.4466905552485227,0.680780453897579
52,51,0.5871519884412033,0.48935341545212235,0.5134632956575791,0.5871963269599176,52.056245883564486,0.4760340700605008,0.3536612068990943,0.47542854684150976
53,14,0.3313630369265471,0.891390666111978,0.5018343700333873,0.4994895255335724,28.505929887577576,0.4133867398032102,0.34765312129987663,0.5457512578867125
54,22,0.6414027890552249,0.9663907226493572,0.5254097584365609,0.08494937890341123,36.26976414206648,0.47299232556707094,0.4483568770081247,0.6740445869618731
55,8,0.6861811975674446,0.776385583998264,0.5149799710541394,0.07644576609863495,47.01160637244533,0.5791220270531277,0.44439073789562833,0.6394617069547671
56,46,0.5334274826483858,0.42238023078855497,0.3363810429629748,0.19593799104349385,20.0714574997073,0.4532375862121552,0.34043141325183524,0.5118925273946967
57,8,0.4994786326313196,0.7167021470572179,0.5272715368285387,0.3689410976159825,12.679051859940083,0.5659206437241093,0.45722791537673724,0.6122626428521963
58,19,0.620208283821207,0.8160569085322218,0.637920783485238,0.33125817855118217,2.0,0.7430167251264145,0.5192114381208245,0.7206225544602983
59,23,0.6857581771133885,0.813734219258677,0.5482660166122982,0.2817356820274858,32.92505308991581,0.6065488702181665,0.523066154994087,0.6590458143246395
60,15,0.3118847626390235,0.7457377800856768,0.253126194535629,0.2423363843466105,37.76646579508911,0.3974174063859676,0.3231849438795515,0.4813628578054307
61,36,0.7023551372525474,0.8736315752310767,0.6218638458689656,0.702998362133661,2.0,0.5826168221093018,0.3708418766735313,0.668307297339047
62,40,0.38877638320894936,0.841162660953256,0.49408275397192614,0.2039827911796165,38.4247766318541,0.4236165782165022,0.4297361196772164,0.5729379168208815
63,11,0.5729256807813834,0.8317806662764016,0.6047538809278945,0.4057666544336102,34.92198358777311,0.4896820210927465,0.3884339106762379,0.6098225231566587
64,32,0.7831604691145341,0.9510375129350424,0.7571038140127506,0.20990501709074771,47.94812226517658,0.5461068101743116,0.4314462417034684,0.7130054894039904
65,9,0.25431847048452355,0.5862425320168817,0.27189969337944553,0.5949711609670492,46.27644797302548,0.3312871972243897,0.16200607594794497,0.3664982903284313
66,12,0.677391006994787,0.8361652500781181,0.6225365031672837,0.26834745461367127,24.164425279585597,0.5175583115511977,0.4617760040595377,0.6746339142025984
67,49,0.3541874259917633,0.6143743295683054,0.45553087833090916,0.16102056344575785,36.601570769849495,0.4595522056014682,0.3873518644859641,0.5232420801589306
68,31,0.5923993547552346,0.46797968711352833,0.3551256486741621,0.3017128677391247,33.70572010113186,0.3142646913696091,0.3011633706285793,0.4819238860718914
69,1,0.365919915580145,0.7229934175636994,0.4105708598119524,0.5230277206592644,24.69431218753415,0.3566813307286408,0.3033706718819344,0.4944423422503481
70,47,0.59615998781204,0.7447745267032405,0.6240379335052261,0.0448376857741733,33.383427574261816,0.48038467543748686,0.4902431087687096,0.6527359337088021
71,40,0.6534512489678889,0.6849424782831711,0.6554412804177067,0.5822618897585983,50.20172084024507,0.5792801898068245,0.4566411898958885,0.5760537491373469
72,31,0.31703941730142277,0.7261520142505317,0.40781784898547996,0.3571293716019897,15.963789237859979,0.3992730317943031,0.4374075273998151,0.53469116192863
73,14,0.5714764096228134,0.5731684346070011,0.5546602829187237,0.3962565265822233,62.25797361385176,0.5363874226686038,0.4085283299455924,0.5159413663211443
74,27,0.5658557982694774,0.6671848957155534,0.5129546474629496,0.22230221451808438,18.677961533417978,0.5553436735711546,0.5165632801339306,0.6237553693075466
75,35,0.5196932468929373,0.9078843998732387,0.6968326964615317,0.22851777176334334,32.39446625525805,0.5347685356855817,0.5974333778584662,0.6792484050800833
76,44,0.41658864124085226,0.9193657586082646,0.6256870260579833,0.2004632264183389,31.325379270292064,0.622056382694628,0.5302502720071346,0.6602587079942858
77,13,0.31479471513505247,0.8036631600306974,0.4280457794963506,0.37010727294570983,8.762477144383556,0.457994192347735,0.4613175365561435,0.5716950349286442
78,10,0.38549805406075055,0.8025077628165581,0.532631780723674,0.4155616529926266,29.74241212242992,0.4370328428910419,0.30223148526774873,0.5506725142691831
79,29,0.5229862980951373,0.6086322459968229,0.44092819806733863,0.5773963685435902,23.118020309998315,0.5178268727423379,0.37016051144553075,0.5258405171525461
80,10,0.3938434589356401,0.8143321363350536,0.5671536318240828,0.0735133395147752,55.386464136920694,0.47679718505309465,0.49610920601539854,0.5833989893060553
81,17,0.6011519647147335,0.5446998824396138,0.4835766601149134,0.2183678865497543,19.39003206114461,0.5032180448760808,0.3947718702445205,0.5837232618902342
82,30,0.42344319395970775,0.6129228505266797,0.37785643959898557,0.17583047893346365,9.254212456975518,0.41067948284075617,0.38731074024683537,0.5550427764664748
83,23,0.4446131824067495,0.8010996363906592,0.6210136820963934,0.324391084499666,16.72099654413155,0.5049460380409019,0.4995216499884082,0.6314555052793464
84,20,0.4461372433717441,0.6182245681318128,0.5121116776203651,0.2918155747950551,3.9820373478706514,0.6019093243244111,0.4353769661670923,0.6051813632278215
85,47,0.6297419199241181,0.8474175273841617,0.6212181683062936,0.47548306711014027,2.0,0.7306908346860862,0.40931568633190996,0.6980265083739727
86,50,0.5739122188959284,0.5954802853570692,0.5161080698520121,0.2277235769155053,38.726160093190245,0.5718260846760809,0.4397596055166645,0.5763739586629599
87,37,0.43182487127137337,0.6272545401376205,0.38242293507484537,0.17735483480791428,34.29733350548582,0.49208115038837086,0.3404017340216617,0.528296562252654
88,3,0.9993324261603331,0.4875189676679271,0.6297197763297827,0.08179423672764573,50.719546922630904,0.484923458717214,0.41090304221989254,0.6384909429035152
89,5,0.27013868332813856,0.6139575426316236,0.407727131604956,0.08919842806171806,44.899645107645426,0.38379993403234236,0.3609332856411186,0.4843231127095876
90,18,0.6015906078048612,0.7614378875855372,0.5432438715694866,0.47523712355687864,23.322328310318767,0.5234044329903765,0.366832374505891,0.6013212239264075
91,35,0.42380028831981065,0.7214045608229049,0.5066420528190873,0.2633799486781127,14.628041795221755,0.4472468614854925,0.44311235722660214,0.5902250421343026
92,50,0.9736501774539679,0.6508161767110245,0.7006217762359038,0.4126813982432381,43.44998386069813,0.619518887700606,0.4686208598887888,0.6713179801096626
93,11,0.4543563298523402,0.688383784856801,0.44787367528346655,0.5954133019978325,28.450224082994453,0.45269146724867265,0.3774201426478416,0.5132468534064845
94,39,0.29936997594872466,0.3533321015108603,0.3080569298215445,0.4171866562793115,15.084111016775967,0.3503285738359008,0.2967772799163782,0.415986018066885
95,32,0.48373242566634195,0.5826201045128356,0.28675501737266884,0.7450514683254035,15.080114975383207,0.41218451570555864,0.3325056634073452,0.4621377493800926
96,6,0.298886555335779,0.8931528660708842,0.4698892333892969,0.5272085404615954,29.65245867938756,0.4681628816232258,0.3207287845808684,0.5338712571444161
97,2,0.6009712601039717,0.6814287633780749,0.5533337674960364,0.36137861040611613,28.161979547105553,0.5192615822375233,0.3897732095443932,0.5947249718289693
98,44,0.660844354713314,0.45123799655617014,0.6559415521408547,0.3889857420996602,27.237023751552883,0.552207924074062,0.42790564849548807,0.5830199075823693
99,20,0.5148226339430563,0.6104148458092825,0.532553788325908,0.8259147074901992,44.76607209745572,0.480499233824766,0.3083452501158277,0.4693188877232862
100,37,0.43211083958836577,0.7834179192724551,0.5035003419690023,0.2806794727778892,47.161913826513555,0.29687560365098886,0.3365347713854698,0.5258363552242117
101,21,0.47968777140422453,0.36073729254031034,0.4426780215481163,0.38087184674499236,56.500614745684274,0.45277003461250453,0.427480139344589,0.43878916514962785
102,18,0.48221237303202424,0.9586851260736693,0.6190245510589346,0.2956765609408549,23.696469773990877,0.5475600516761485,0.5065759020384147,0.6679841696470362
103,46,0.7038684280347802,0.8794188402708079,0.6946971717261355,0.31859455492291805,37.33179693828137,0.5548065731032255,0.5058550515339559,0.6831439009415677
104,6,0.45686913116747374,0.6614247991826688,0.47872512628123864,0.45116585936524206,20.68466867742508,0.46624635133873255,0.3331496965201207,0.5409690573113697
105,39,0.7113027896854042,0.7832620985684099,0.6328310321168739,0.15218645038787795,12.167733674094933,0.7162788652926392,0.5709840554194683,0.7366290134210669
106,32,1.0,0.5310485669074937,0.6531373520881512,0.5862364826005163,54.66826274435071,0.6487167545874714,0.40584692706812087,0.6042934674157738
107,31,0.4803673684067744,0.4209129738250818,0.5330056542314838,0.36651255012143225,5.967234820176831,0.6150911669136604,0.4847613250156236,0.5692157852035818
108,41,0.7257918482121055,0.41814939936920414,0.3740937338692097,0.4513266552998857,51.929646034627545,0.5430342260413853,0.4354909871184618,0.49213812593083395
109,25,0.8461457637596945,0.7847931187898673,0.6318626549503896,0.39266667692953594,35.122733677982445,0.6590122371223185,0.5100438662765338,0.6858018102527671
110,40,0.5490228510372896,0.8345816744394785,0.6006692710216225,0.22462510951937945,37.6820854670362,0.6961307502208374,0.56972480828819,0.6621956715153979
111,18,0.4081623589480978,0.8297836070245349,0.553549358786184,0.7097732783461018,23.219803954351107,0.6185422449500386,0.4479832045401671,0.5719471867352882
112,5,0.5861132069213065,0.648230844981335,0.5815804214043188,0.8017664347047211,17.264890998785717,0.5897561327624389,0.3838423329759914,0.5620711620788087
113,33,0.4065279457905,0.5619905935343098,0.48194181827230376,0.42774163450770747,25.504975744254278,0.4712510072407724,0.4308866122489824,0.5165591334090454
114,49,0.7517013898364029,0.7279818135371913,0.6418689663853675,0.11288084010956946,26.113449868860318,0.6384382861725317,0.4780334384695019,0.7013751586347485
115,10,0.7599591727616953,0.3130106101182045,0.43183439899292575,0.6312806854484084,52.79120029995488,0.49259352979713134,0.35584813403378385,0.4523354170215443
116,34,0.7552538602359117,0.3656546482251872,0.5381946428364,0.5124350784371597,29.451563017390864,0.7102423887576004,0.36863617682070193,0.5577706867595786
117,40,0.24243373828037912,0.7150898233675888,0.2304991298093237,0.267099163420874,20.365529794370538,0.3392544575339859,0.27771559038788446,0.47131865830485054
118,48,0.5324630828579936,0.8236424067854164,0.6140303970105251,0.19616774903971235,36.5994299337701,0.6167416828576142,0.55970203637094,0.654151545250956
119,30,0.43002295697506104,0.7873382220516816,0.5501160426805614,0.4118259522152045,43.10053810621702,0.3585169960270844,0.335574792857366,0.5323443128625821
120,37,0.516365201780024,0.6472645212334673,0.5430435278000948,0.14003936998591537,4.4218800052559,0.5001111354912169,0.3981349207444012,0.6315526460800571
121,23,0.5815896926713359,0.6711391896146323,0.5452264164663165,0.2751810793253714,41.247705147748256,0.5656863349189203,0.5438676359538585,0.596222386657456
122,37,0.20619266549168486,0.5392654052253392,0.31199035054277136,0.5370979642985586,21.8790539717911,0.37559390428552303,0.3582785186198275,0.4204216686980138
123,9,0.580865538256889,0.5586148381990383,0.4420379760318716,0.17174636396692908,41.14523068329399,0.4356981811021295,0.46614478619162925,0.545763584200829
124,8,0.42047029187021856,0.7798772049327638,0.5352591531620593,0.21543226665100632,28.858813287525415,0.4556025525397084,0.3502366936141099,0.5843314871868922
125,48,0.6362767154631191,0.8063101003374546,0.6845942463884634,0.3710047925974712,51.44832509328224,0.5342799930334338,0.42273789275502377,0.6178415411577528
126,49,0.5143942919886602,0.4789056280360737,0.34826374855670184,0.4349207476192249,48.940993546421886,0.3690223050560506,0.2582774323682752,0.43300677950068195
127,50,0.4049732006806781,0.9183117038951418,0.5844621494795711,0.5419854461883975,31.104886699683593,0.40637505426769194,0.3824729848515778,0.5721826286873516
128,10,0.6546771657322205,0.33750805446160553,0.38654988751212505,0.2370588509817249,23.074819056294682,0.43959322107761023,0.4443511609008852,0.522984821025671
129,1,0.6198435665513008,0.7406134779159971,0.5165159135632541,0.6284297200075971,13.033205407402772,0.5860730555734424,0.3682634502917923,0.6004028668456446
130,35,0.5674694393775542,0.8989173399213075,0.6098787184221275,0.8398368164976232,2.0,0.6490198064008649,0.37865127156602707,0.6391001969018754
131,23,0.7525164905471499,0.5199309720267266,0.45171137855838617,0.5395962108915939,35.321756148928415,0.4389380292577924,0.33579245740568986,0.5252681088953657
132,28,0.521930007129063,0.9112236194482903,0.5748704416451146,0.08200622395141648,2.0,0.652452168702114,0.4738418221452154,0.726029663810711
133,10,0.297207480668062,0.7318892217833025,0.3320152554205844,0.7009479272143659,22.185307729904782,0.3573927343657106,0.2224518241855084,0.44575934795072425
134,31,0.5389727602920602,0.600483819475028,0.3878987402415526,0.23509606446404568,19.230646810230972,0.4656780313849551,0.41800171390413654,0.5620523928470842
135,15,0.47219007448923733,0.9268101788425142,0.6087885460615838,0.4019872159996548,47.48042396379897,0.4474261364659487,0.4342892618756186,0.5915299900911027
136,42,0.6599417675952066,0.7708527564852946,0.4433564177835825,0.38854867288262795,34.73340966312769,0.41012108609231934,0.30292586616727496,0.570210945936934
137,24,0.5482779855292945,0.46415300943271454,0.4289078990745491,0.35759002852249133,13.858525477018304,0.5026706583824181,0.39300587231232403,0.5396864579738323
138,5,0.5925615290340793,0.7245923133642449,0.5409329785148679,0.6093198031366691,2.0,0.5447794688135887,0.38635782270448116,0.6121112597292484
139,20,0.7180196582894596,0.4616848026708653,0.4020471534080998,0.44330048362265084,18.69097172562245,0.45937578165690424,0.35315729208600827,0.5389534532497768
140,50,0.5959189759963245,0.8744347560298303,0.728674492744856,0.4485068253410204,27.935863410056868,0.6424348286327888,0.5445132694423168,0.6810237785614988
141,30,0.46315356436319743,0.5465670685429023,0.33503667233566714,0.6099426594484869,75.51829695223783,0.2976111988754431,0.2703995082467344,0.3662426809004232
142,30,0.8058670162783943,0.36094856030946654,0.5842619284292891,0.8382153669997795,39.393684141184465,0.6083525103903634,0.25652625834937676,0.4989457473269918
143,20,0.5768919111330135,0.7156502333861094,0.48321846642071026,0.08761157644352537,13.057010299550221,0.5964695174367475,0.4654291522315477,0.655568480285925
144,27,0.5157394684252582,0.46804903891848165,0.45858856460099223,0.5165045917862235,38.46253625061568,0.5242559068573541,0.3765860453851334,0.48504473336763854
145,36,0.7482759663088341,0.45267587447621527,0.5925443800123257,0.2763144515347411,13.916088170340574,0.6495894349093435,0.5688031092769621,0.6442055062114399
146,15,0.7672769779007105,0.40243260309638296,0.5020090423476055,0.2470813449135204,59.17591913658681,0.45315455783460235,0.4299297760583576,0.5218353343115735
147,14,0.25126346704474006,0.7502031481067686,0.41375408511736156,0.17797902302098362,33.730096081690846,0.3568567737570581,0.3809053789948452,0.5138189395185885
148,47,0.8875839560663298,0.8950055633992992,0.6784009526810726,0.3181688944367739,2.0,0.687031249394379,0.4587696343667957,0.7818434495986485
149,38,0.44200137575023324,0.8838006052312818,0.42489682629496456,0.42387874781150026,36.63780081240276,0.4971629163183974,0.3433008630934994,0.5568112894708547
150,32,0.718210149885605,0.7128030506703218,0.653862077411237,0.1699222799148359,12.556732449025294,0.5878203459325924,0.4897328019977287,0.7029359175003299
151,52,0.556574481177378,0.7092161771886868,0.50961471504689,0.732892550883063,42.07807260426979,0.5429840080973618,0.38225843993327185,0.5210939976737219
152,35,0.6066773612074261,0.6645666482731504,0.45283099547202577,0.6643848456787179,18.09438920950523,0.45288029487599407,0.3008927711888726,0.5380384595435855
153,41,0.45952313263915234,0.6286800736559854,0.4318286946005792,0.13903596020545433,37.28928590160576,0.44380003922263817,0.46410784932559696,0.5466482645862338
154,18,0.8459536057030937,0.8661483894085173,0.5265462010976764,0.5841718284360227,47.97492639294517,0.49624327284767905,0.3329192246271615,0.6070118236187227
155,31,0.5212833099013093,0.9042263890183122,0.5601840684904671,0.26143324601718565,3.3146315213257473,0.5716993509704846,0.43633077693570627,0.6856647718221327
156,1,0.5562413078691661,0.6875970425652372,0.6361432148177509,0.5279357297642772,38.04852757632017,0.6029853694728844,0.3485308717743541,0.5746603901610822
157,2,0.5769844259775447,0.683159689589927,0.4865303842234352,0.18304778431714583,33.95986701500844,0.578429613716053,0.43696594772341757,0.6022584959681988
158,8,0.8065516573682285,0.46782261964678884,0.5445062391148763,0.54704198284545,29.511419847173052,0.5744882442699488,0.4116425444206211,0.5714808655962892
159,12,0.4475616449989676,0.835219391369404,0.33600203488181424,0.36385880815382143,41.76548385464117,0.3247504665269212,0.260338513477935,0.5042359956517545
160,14,0.33225711198325086,0.7808527387611112,0.43960501962153364,0.3785281790572265,18.0253814800911,0.5109579182439303,0.3523122844090137,0.555009126272185
161,44,0.5752320187095803,0.8562612310173074,0.6869534179485068,0.7325296981664066,81.55294409914808,0.5163563672938495,0.3081306953080762,0.5171552807218563
162,33,0.4826336697220401,0.39458288283151394,0.40208210719115817,0.576734222316395,30.805896499036358,0.41099098327816586,0.26503653042578496,0.43602748889195214
163,11,0.5265031421766022,0.4156567514286305,0.3618143602757356,0.28514676505717057,54.12044182691428,0.3607893589777266,0.3707990110792887,0.44314952591809653
164,17,0.4244599685581868,0.7284562026918403,0.49190323933291913,0.14191253759943476,50.608664026648505,0.4224063234482387,0.4440889216684614,0.5465002479200951
165,10,0.6085517590241429,0.5361634651635597,0.5108229442234069,0.23806424199219434,54.27273232662681,0.4627403621250033,0.4338307120334231,0.5315380045624085
166,47,0.6216256237792173,0.874605856809238,0.645591912552885,0.23747733697300386,27.968684714376653,0.48168376803132756,0.48923324250591876,0.6722918314403297
167,22,0.6493276431420465,0.7496868327597483,0.6997669465097671,0.3127424708797484,17.884425970986335,0.5790610484413777,0.4108218362980665,0.6736378337109868
168,20,0.37073487833282825,0.5145074152650769,0.38450077426159956,0.30678896314731635,12.711039967376339,0.317183484313897,0.3275969110435756,0.4901421483165387
169,25,0.3311667460058123,0.7554904619370971,0.3950732047030518,0.18855955702219193,37.09443199851306,0.45691029311673603,0.352386166486097,0.5292767920458004
170,20,0.7975395182311733,0.565330154715909,0.6024908920083234,0.5580271075178663,46.94088072183932,0.5549529953736688,0.39179009404762966,0.5682556729607809
171,24,0.7333756289891376,0.8039359002325219,0.6745718524890975,0.8111762537590707,27.283568731786417,0.6084899194441156,0.4098341297904434,0.6245436184820838
172,16,0.5149330861324574,0.7259466416187071,0.4483368174482401,0.3198432111269143,18.054468623583645,0.5926537688498794,0.3919889989033389,0.598457265280763
173,40,0.8399571778975328,0.7631022549242813,0.5306514021975847,0.5368457954764341,16.901754869134233,0.5434837812836243,0.3942109929277322,0.6491851879273574
174,17,0.35264688606072103,0.31329790305999494,0.3126274403525261,0.41610343177618536,12.735775079923096,0.4661815574899031,0.38659349885721944,0.4431516555625977
175,47,0.2778454045003497,0.6633882057399044,0.5127558329759854,0.31671877958406297,32.61846078926817,0.45699050061684304,0.40631376843526956,0.5181377853534773
176,49,0.6558507781748179,0.6947205383677111,0.4997283021174433,0.5894145656797068,9.634993516070264,0.5451468163064446,0.38471199627369557,0.6008963231894389
177,45,0.4533633402933599,0.7756340691344533,0.33651380722097696,0.38832711998814856,30.265586988087275,0.3036428534687552,0.3441095314050117,0.5120347083945537
178,3,0.6018163017839278,0.8049525657162768,0.6645834522596356,0.3673235661699845,35.290867907811894,0.6294965879801865,0.41648299689377755,0.6435049472255652
179,32,0.644277273461913,0.6391453176339444,0.6174637596337653,0.5083052259160618,59.87481805042858,0.4580286030066363,0.45482174502157036,0.5379949170774184
180,38,0.6688519012552521,0.7724900590697124,0.3970323823600951,0.6429875594829484,7.085273056695566,0.5625656258427129,0.370249843248645,0.5986557628851267
181,39,0.5911571050770829,0.6505780053671529,0.492003137456473,0.7776425070663101,34.19039252204399,0.4568057790292345,0.351794454952975,0.5061706591765263
182,42,0.6866516670775505,0.937754349078285,0.7645391539601578,0.08959427496581553,44.374182920477345,0.6011805735122175,0.5296573415702068,0.7286096972946291
183,21,0.6108163277344348,0.8169960292203894,0.5302564451999833,0.2293518194979784,15.641295052511069,0.45029751181684285,0.4340675951045381,0.6494542651022991
184,10,0.45171420932922385,0.9106360720920359,0.5718247234008307,0.4114884674441566,50.43953342911992,0.35123371730720193,0.3075359504299544,0.550668911820087
185,42,0.5848183665527048,0.5126669606648449,0.44331041946290567,0.14153429912105073,52.40263300510598,0.46252980101332103,0.4551683242069116,0.5265006861496457
186,36,0.8813412035104733,0.7125251518995926,0.6823147795015844,0.5041930549413803,28.290921383112213,0.7210754735991178,0.4437406693268724,0.6858302522524491
187,42,0.4739649369764352,0.4239332286409062,0.4721078075506041,0.39327862260714086,48.77121379426814,0.41489691194814116,0.3531843324932567,0.4553776069470873
188,33,0.3438609103507033,0.5638105463308781,0.33074698012106274,0.21427717600830193,23.13464194064081,0.34358888347327865,0.37344309098499817,0.487704266393742
189,49,0.7728473615444982,0.45253639577619914,0.3909475966524348,0.3862594243800678,18.53047071332902,0.5511205898446438,0.36597308810634116,0.5641165104602026
190,39,0.718269813444238,0.7673285889249248,0.5796007674628868,0.3073304912712256,64.92903479078771,0.5078491038191681,0.30221590707108026,0.5803979220185989
191,23,0.5252332562871291,0.7014161524466875,0.45330841996882504,0.6166372201683367,40.80274679137544,0.40156508672686597,0.24528116348029116,0.4917033650910803
192,35,0.41078419647080777,0.5991850416358566,0.4037698038466136,0.35365306418768483,44.10968399600942,0.4883498474861102,0.35688889319902034,0.4876519683318542
193,24,0.2940327575278715,0.9314303879300746,0.4468377478934151,0.22653608348899099,22.61382286693802,0.48316489759530323,0.37519785578002063,0.5893595581896413
194,39,0.6125433390695529,0.7269999613298638,0.5069473230476336,0.4542620238530922,10.88646883934673,0.5755887397376017,0.42923365099327515,0.6224015985436926
195,25,0.5968314597414208,0.6165097478659395,0.48376307176323347,0.4621056094091383,22.074794227377886,0.403314965719001,0.3772079415114632,0.5506493134439072
196,31,1.0,0.48931848482702617,0.6652320301158002,0.5744807474779875,40.621443369632416,0.7690150644476309,0.5852465627339509,0.6495115846638269
197,9,0.8102414879476092,0.6492344704202837,0.5415958450722573,0.3115119734401452,35.7847366145045,0.5857715098562103,0.4863031618837433,0.6340311212554463
198,2,0.5003874540074891,0.45065716547838414,0.3609902483518383,0.5961255327847355,37.71150092527192,0.4026036751845361,0.2422636162161665,0.42746960787317806
199,48,0.5094736056948447,0.7000562185113536,0.41523812980518393,0.472827948805645,48.24505169719502,0.4440284038777027,0.3557533436875807,0.5017062824577264
200,17,0.4960748275935468,0.46258029890040875,0.38745242009243136,0.5539532742748601,30.49155582729609,0.44542543511054283,0.3747837452378714,0.4655328227265809
